{
  "computed_at": "2026-03-30T23:47:59.511248",
  "tickers": [
    "AAPL",
    "MSFT",
    "NVDA",
    "SPY",
    "TLT"
  ],
  "portfolio_return": 0.1618,
  "portfolio_volatility": 0.1809,
  "vol_21d": 0.1551,
  "sharpe": 0.6181,
  "sortino": 0.9152,
  "max_drawdown": -0.1569,
  "var_95": 0.0163,
  "var_99": 0.0324,
  "skewness": 1.8439,
  "excess_kurtosis": 19.589,
  "beta_vs_spy": 0.8667,
  "herfindahl": 0.225,
  "concentration_label": "well diversified",
  "risk_label": "high",
  "covariance_matrix": {
    "AAPL": {
      "AAPL": 0.09982,
      "MSFT": 0.032059,
      "NVDA": 0.068128,
      "SPY": 0.045491,
      "TLT": 0.003817
    },
    "MSFT": {
      "AAPL": 0.032059,
      "MSFT": 0.069744,
      "NVDA": 0.060824,
      "SPY": 0.031049,
      "TLT": 0.001619
    },
    "NVDA": {
      "AAPL": 0.068128,
      "MSFT": 0.060824,
      "NVDA": 0.169248,
      "SPY": 0.060332,
      "TLT": 0.00071
    },
    "SPY": {
      "AAPL": 0.045491,
      "MSFT": 0.031049,
      "NVDA": 0.060332,
      "SPY": 0.035652,
      "TLT": 0.003501
    },
    "TLT": {
      "AAPL": 0.003817,
      "MSFT": 0.001619,
      "NVDA": 0.00071,
      "SPY": 0.003501,
      "TLT": 0.013155
    }
  },
  "correlation_matrix": {
    "AAPL": {
      "AAPL": 1.0,
      "MSFT": 0.3842,
      "NVDA": 0.5241,
      "SPY": 0.7626,
      "TLT": 0.1053
    },
    "MSFT": {
      "AAPL": 0.3842,
      "MSFT": 1.0,
      "NVDA": 0.5598,
      "SPY": 0.6227,
      "TLT": 0.0534
    },
    "NVDA": {
      "AAPL": 0.5241,
      "MSFT": 0.5598,
      "NVDA": 1.0,
      "SPY": 0.7767,
      "TLT": 0.0151
    },
    "SPY": {
      "AAPL": 0.7626,
      "MSFT": 0.6227,
      "NVDA": 0.7767,
      "SPY": 1.0,
      "TLT": 0.1616
    },
    "TLT": {
      "AAPL": 0.1053,
      "MSFT": 0.0534,
      "NVDA": 0.0151,
      "SPY": 0.1616,
      "TLT": 1.0
    }
  },
  "risk_contributions": {
    "AAPL": 0.121,
    "MSFT": 0.2901,
    "NVDA": 0.3982,
    "SPY": 0.1411,
    "TLT": 0.0495
  },
  "individual_metrics": {
    "AAPL": {
      "weight": 0.1,
      "annualised_return": 0.1958,
      "annualised_vol": 0.3159,
      "vol_21d": 0.158,
      "sharpe": 0.4613,
      "sortino": 0.6395,
      "max_drawdown": -0.2299,
      "var_95": 0.0309,
      "skewness": 1.2941,
      "excess_kurtosis": 15.9238,
      "beta_vs_spy": 1.2811,
      "risk_contribution": 0.121,
      "risk_label": "very high"
    },
    "MSFT": {
      "weight": 0.25,
      "annualised_return": 0.0041,
      "annualised_vol": 0.2641,
      "vol_21d": 0.2153,
      "sharpe": -0.174,
      "sortino": -0.2317,
      "max_drawdown": -0.3391,
      "var_95": 0.0245,
      "skewness": 0.2584,
      "excess_kurtosis": 11.3209,
      "beta_vs_spy": 0.8744,
      "risk_contribution": 0.2901,
      "risk_label": "high"
    },
    "NVDA": {
      "weight": 0.2,
      "annualised_return": 0.6648,
      "annualised_vol": 0.4114,
      "vol_21d": 0.3178,
      "sharpe": 1.4943,
      "sortino": 2.3648,
      "max_drawdown": -0.1908,
      "var_95": 0.0373,
      "skewness": 1.1889,
      "excess_kurtosis": 10.2524,
      "beta_vs_spy": 1.699,
      "risk_contribution": 0.3982,
      "risk_label": "very high"
    },
    "SPY": {
      "weight": 0.15,
      "annualised_return": 0.182,
      "annualised_vol": 0.1888,
      "vol_21d": 0.1488,
      "sharpe": 0.6994,
      "sortino": 0.8892,
      "max_drawdown": -0.1205,
      "var_95": 0.0156,
      "skewness": 1.689,
      "excess_kurtosis": 26.8769,
      "beta_vs_spy": 1.004,
      "risk_contribution": 0.1411,
      "risk_label": "high"
    },
    "TLT": {
      "weight": 0.3,
      "annualised_return": 0.0133,
      "annualised_vol": 0.1147,
      "vol_21d": 0.1327,
      "sharpe": -0.3197,
      "sortino": -0.4572,
      "max_drawdown": -0.0923,
      "var_95": 0.0109,
      "skewness": -0.5279,
      "excess_kurtosis": 1.3895,
      "beta_vs_spy": 0.0986,
      "risk_contribution": 0.0495,
      "risk_label": "moderate"
    }
  },
  "drift_from_target": {
    "AAPL": 0.0,
    "MSFT": 0.0,
    "NVDA": 0.0,
    "SPY": 0.0,
    "TLT": 0.0
  }
}