{
  "computed_at": "2026-03-31T00:36:27.346285",
  "tickers": [
    "AAPL",
    "MSFT",
    "NVDA",
    "SPY",
    "TLT"
  ],
  "portfolio_return": 0.1566,
  "portfolio_volatility": 0.1807,
  "vol_21d": 0.1512,
  "sharpe": 0.5901,
  "sortino": 0.8729,
  "max_drawdown": -0.1569,
  "var_95": 0.0163,
  "var_99": 0.0324,
  "skewness": 1.8521,
  "excess_kurtosis": 19.6894,
  "beta_vs_spy": 0.8661,
  "herfindahl": 0.225,
  "concentration_label": "well diversified",
  "risk_label": "high",
  "covariance_matrix": {
    "AAPL": {
      "AAPL": 0.099854,
      "MSFT": 0.032096,
      "NVDA": 0.068208,
      "SPY": 0.045518,
      "TLT": 0.0038
    },
    "MSFT": {
      "AAPL": 0.032096,
      "MSFT": 0.069466,
      "NVDA": 0.060714,
      "SPY": 0.030958,
      "TLT": 0.001499
    },
    "NVDA": {
      "AAPL": 0.068208,
      "MSFT": 0.060714,
      "NVDA": 0.169316,
      "SPY": 0.060323,
      "TLT": 0.000609
    },
    "SPY": {
      "AAPL": 0.045518,
      "MSFT": 0.030958,
      "NVDA": 0.060323,
      "SPY": 0.035629,
      "TLT": 0.003449
    },
    "TLT": {
      "AAPL": 0.0038,
      "MSFT": 0.001499,
      "NVDA": 0.000609,
      "SPY": 0.003449,
      "TLT": 0.01313
    }
  },
  "correlation_matrix": {
    "AAPL": {
      "AAPL": 1.0,
      "MSFT": 0.3854,
      "NVDA": 0.5246,
      "SPY": 0.7631,
      "TLT": 0.1049
    },
    "MSFT": {
      "AAPL": 0.3854,
      "MSFT": 1.0,
      "NVDA": 0.5598,
      "SPY": 0.6223,
      "TLT": 0.0496
    },
    "NVDA": {
      "AAPL": 0.5246,
      "MSFT": 0.5598,
      "NVDA": 1.0,
      "SPY": 0.7767,
      "TLT": 0.0129
    },
    "SPY": {
      "AAPL": 0.7631,
      "MSFT": 0.6223,
      "NVDA": 0.7767,
      "SPY": 1.0,
      "TLT": 0.1595
    },
    "TLT": {
      "AAPL": 0.1049,
      "MSFT": 0.0496,
      "NVDA": 0.0129,
      "SPY": 0.1595,
      "TLT": 1.0
    }
  },
  "risk_contributions": {
    "AAPL": 0.1214,
    "MSFT": 0.2896,
    "NVDA": 0.3988,
    "SPY": 0.1412,
    "TLT": 0.049
  },
  "individual_metrics": {
    "AAPL": {
      "weight": 0.1,
      "annualised_return": 0.1935,
      "annualised_vol": 0.316,
      "vol_21d": 0.1588,
      "sharpe": 0.4542,
      "sortino": 0.6299,
      "max_drawdown": -0.2299,
      "var_95": 0.0309,
      "skewness": 1.2943,
      "excess_kurtosis": 15.9128,
      "beta_vs_spy": 1.2827,
      "risk_contribution": 0.1214,
      "risk_label": "very high"
    },
    "MSFT": {
      "weight": 0.25,
      "annualised_return": -0.0035,
      "annualised_vol": 0.2636,
      "vol_21d": 0.2054,
      "sharpe": -0.2031,
      "sortino": -0.27,
      "max_drawdown": -0.3391,
      "var_95": 0.0245,
      "skewness": 0.2587,
      "excess_kurtosis": 11.4276,
      "beta_vs_spy": 0.8724,
      "risk_contribution": 0.2896,
      "risk_label": "high"
    },
    "NVDA": {
      "weight": 0.2,
      "annualised_return": 0.6518,
      "annualised_vol": 0.4115,
      "vol_21d": 0.3177,
      "sharpe": 1.4626,
      "sortino": 2.3204,
      "max_drawdown": -0.1958,
      "var_95": 0.0373,
      "skewness": 1.1917,
      "excess_kurtosis": 10.2475,
      "beta_vs_spy": 1.6999,
      "risk_contribution": 0.3988,
      "risk_label": "very high"
    },
    "SPY": {
      "weight": 0.15,
      "annualised_return": 0.1778,
      "annualised_vol": 0.1888,
      "vol_21d": 0.1466,
      "sharpe": 0.677,
      "sortino": 0.8605,
      "max_drawdown": -0.1205,
      "var_95": 0.0156,
      "skewness": 1.6941,
      "excess_kurtosis": 26.9246,
      "beta_vs_spy": 1.004,
      "risk_contribution": 0.1412,
      "risk_label": "high"
    },
    "TLT": {
      "weight": 0.3,
      "annualised_return": 0.0124,
      "annualised_vol": 0.1146,
      "vol_21d": 0.1313,
      "sharpe": -0.328,
      "sortino": -0.4686,
      "max_drawdown": -0.0923,
      "var_95": 0.0109,
      "skewness": -0.5332,
      "excess_kurtosis": 1.3916,
      "beta_vs_spy": 0.0972,
      "risk_contribution": 0.049,
      "risk_label": "moderate"
    }
  },
  "drift_from_target": {
    "AAPL": 0.0,
    "MSFT": 0.0,
    "NVDA": 0.0,
    "SPY": 0.0,
    "TLT": 0.0
  }
}